<?xml version="1.0" encoding="UTF-8"?>
<project-private xmlns="http://www.netbeans.org/ns/project-private/1">
    <data xmlns="http://www.netbeans.org/ns/make-project-private/1">
        <activeConfTypeElem>1</activeConfTypeElem>
        <activeConfIndexElem>0</activeConfIndexElem>
    </data>
    <editor-bookmarks xmlns="http://www.netbeans.org/ns/editor-bookmarks/2" lastBookmarkId="0"/>
    <open-files xmlns="http://www.netbeans.org/ns/projectui-open-files/2">
        <group>
            <file>file:/C:/Users/andre/Documents/Universidad/5toCiclo/Algoritmia_Y_ED/Examen2/2023_2/P2_PupiletrasABB/Lista.h</file>
            <file>file:/C:/Users/andre/Documents/Universidad/5toCiclo/Algoritmia_Y_ED/Examen2/2023_2/P2_PupiletrasABB/Palabras.h</file>
            <file>file:/C:/Users/andre/Documents/Universidad/5toCiclo/Algoritmia_Y_ED/Examen2/2023_2/P2_PupiletrasABB/funciones.cpp</file>
            <file>file:/C:/Users/andre/Documents/Universidad/5toCiclo/Algoritmia_Y_ED/Examen2/2023_2/P2_PupiletrasABB/funciones.h</file>
            <file>file:/C:/Users/andre/Documents/Universidad/5toCiclo/Algoritmia_Y_ED/Examen2/2023_2/P2_PupiletrasABB/funcionesAB.h</file>
            <file>file:/C:/Users/andre/Documents/Universidad/5toCiclo/Algoritmia_Y_ED/Examen2/2023_2/P2_PupiletrasABB/funcionesAB.cpp</file>
            <file>file:/C:/Users/andre/Documents/Universidad/5toCiclo/Algoritmia_Y_ED/Examen2/2023_2/P2_PupiletrasABB/funInsertarDatos.cpp</file>
            <file>file:/C:/Users/andre/Documents/Universidad/5toCiclo/Algoritmia_Y_ED/Examen2/2023_2/P2_PupiletrasABB/main.cpp</file>
            <file>file:/C:/Users/andre/Documents/Universidad/5toCiclo/Algoritmia_Y_ED/Examen2/2023_2/P2_PupiletrasABB/NodoArbol.h</file>
            <file>file:/C:/Users/andre/Documents/Universidad/5toCiclo/Algoritmia_Y_ED/Examen2/2023_2/P2_PupiletrasABB/funInsertarDatos.h</file>
            <file>file:/C:/Users/andre/Documents/Universidad/5toCiclo/Algoritmia_Y_ED/Examen2/2023_2/P2_PupiletrasABB/Nodo.h</file>
        </group>
    </open-files>
</project-private>
